{"Game Objects":{"1":{"Name":"RootNode","Rotation":[0.0,0.0,0.0,0.0],"Scale":[0.0,0.0,0.0],"Translation":[0.0,0.0,0.0],"UID":1},"2":{"Name":"Main Camera","ParentUID":1,"Rotation":[1.0,0.0,0.0,0.0],"Scale":[1.0,1.0,1.0],"Translation":[-5.0,0.0,0.0],"UID":2},"3":{"Material":"Baker_house","Mesh":"Chimney","Name":"Chimney","ParentUID":1,"Rotation":[0.7071067094802856,-0.7071068286895752,0.0,0.0],"Scale":[1.0,0.9999999403953552,0.9999999403953552],"TotalTextures":2,"Translation":[0.0,0.0,0.0],"UID":3,"texture0":"Baker_house.png"},"4":{"Material":"Baker_house","Mesh":"Baker_house","Name":"Baker_house","ParentUID":1,"Rotation":[0.7071067094802856,-0.7071068286895752,0.0,0.0],"Scale":[1.0,0.9999999403953552,0.9999999403953552],"TotalTextures":2,"Translation":[0.0,0.0,0.0],"UID":4,"texture0":"Baker_house.png"}}}